split,method,n_examples,mae_mw,rmse_mw
validation,persistence,612,483.98856209150324,589.1713453512539
validation,previous_day,612,1809.7614379084966,2566.6548261758976
validation,previous_week,612,1755.6062091503268,2426.3634072386867
validation,xgboost,612,255.7463570389093,553.3250079460968
validation,random_forest,612,275.9003598467291,590.3121095605777
test,persistence,612,487.297385620915,625.057641786384
test,previous_day,612,1026.5343137254902,1441.1131823171856
test,previous_week,612,2134.831699346405,3274.8348376753734
test,xgboost,612,183.3731968698938,237.88365188710614
test,random_forest,612,177.9420923775413,236.74167817537815
